-0.36273476,-0.03003287, 0.02276987, 0.06549832, 0.09394333, 0.00133951, 0.00532483,-0.03004489,-0.00798099,-0.01578861, 0.00261582,-0.00031114,-0.00829066,-0.01117314, 0.01554107,-0.00729219, 0.00245879,-0.01030366, 0.00063574, 0.01811055,-0.00155495,-0.00381758,-0.00538670,-0.01373748, 0.01046572,-0.00199907, 0.00318628, 0.00876335,-0.00355992,-0.00058262,-0.00042531, 0.00048919,-0.00010026, 0.00158493,-0.00185821, 0.00027713,-0.00068170, 0.00017127, 0.00152364, 0.00000000, 0.00000000, 0.00000000, 0.00000000, 0.00000000, 0.00000000, 0.00000000, 0.00000000, 0.00000000, 0.00000000, 0.00000000, 0.00000000, 0.00000000, 0.00000000, 0.00000000, 0.00000000, 0.00000000, 0.00000000, 0.00000000, 0.00000000, 0.00000000, 0.00000000, 0.00000000, 0.00000000, 0.00000000, 0.00000000, 0.00000000, 0.00000000, 0.00000000, 0.00000000, 0.00000000, 0.00000000, 0.00000000, 0.00000000, 0.00000000, 0.00000000, 0.00000000, 0.00000000, 0.00000000, 0.00000000, 0.00000000, 0.00000000, 0.00000000, 0.00000000, 0.00000000, 0.00000000, 0.00000000, 0.00000000, 0.00000000, 0.00000000, 0.00000000, 0.00000000, 0.00000000, 0.00000000, 0.00000000, 0.00000000, 0.00000000, 0.00000000, 0.00000000, 0.00000000, 0.00000000, 0.00000000, 0.00000000, 0.00000000, 0.00000000, 0.00000000, 0.00000000, 0.00000000, 0.00000000, 0.00000000, 0.00000000, 0.00000000, 0.00000000
-0.19788622,-0.01479966, 0.09896813, 0.02475608, 0.05119091, 0.00895964,-0.00001991,-0.02760470, 0.02229344, 0.00666124, 0.00196378, 0.00100869,-0.01752844,-0.00200504,-0.00362947,-0.00269679, 0.01506009, 0.00240440, 0.00532706, 0.00549876, 0.00220060, 0.00588752, 0.00608142, 0.00628782,-0.00431473, 0.00163253,-0.00939366, 0.00249586, 0.00239590, 0.00986394,-0.00060939, 0.00015412, 0.00274029,-0.00344749,-0.00303356,-0.00725901, 0.00074911,-0.00166689,-0.00291389, 0.00000000, 0.00000000, 0.00000000, 0.00000000, 0.00000000, 0.00000000, 0.00000000, 0.00000000, 0.00000000, 0.00000000, 0.00000000, 0.00000000, 0.00000000, 0.00000000, 0.00000000, 0.00000000, 0.00000000, 0.00000000, 0.00000000, 0.00000000, 0.00000000, 0.00000000, 0.00000000, 0.00000000, 0.00000000, 0.00000000, 0.00000000, 0.00000000, 0.00000000, 0.00000000, 0.00000000, 0.00000000, 0.00000000, 0.00000000, 0.00000000, 0.00000000, 0.00000000, 0.00000000, 0.00000000, 0.00000000, 0.00000000, 0.00000000, 0.00000000, 0.00000000, 0.00000000, 0.00000000, 0.00000000, 0.00000000, 0.00000000, 0.00000000, 0.00000000, 0.00000000, 0.00000000, 0.00000000, 0.00000000, 0.00000000, 0.00000000, 0.00000000, 0.00000000, 0.00000000, 0.00000000, 0.00000000, 0.00000000, 0.00000000, 0.00000000, 0.00000000, 0.00000000, 0.00000000, 0.00000000, 0.00000000, 0.00000000, 0.00000000, 0.00000000
-0.06533481,-0.01564985, 0.09604640, 0.00811082, 0.06240324, 0.00544741, 0.00501147,-0.02412804, 0.01034301, 0.00960021,-0.00400910,-0.00408023,-0.00704467,-0.00034881,-0.01130965, 0.00770494,-0.00257951, 0.00795170, 0.02215724, 0.00690506,-0.00226650, 0.00265822, 0.00044520, 0.00541350,-0.00014697,-0.00120363, 0.00906133,-0.00331986, 0.00145764,-0.00168553, 0.00306556, 0.00262346, 0.00075917,-0.00647867,-0.00117798, 0.00734121, 0.00092529, 0.00336751,-0.00152554, 0.00000000, 0.00000000, 0.00000000, 0.00000000, 0.00000000, 0.00000000, 0.00000000, 0.00000000, 0.00000000, 0.00000000, 0.00000000, 0.00000000, 0.00000000, 0.00000000, 0.00000000, 0.00000000, 0.00000000, 0.00000000, 0.00000000, 0.00000000, 0.00000000, 0.00000000, 0.00000000, 0.00000000, 0.00000000, 0.00000000, 0.00000000, 0.00000000, 0.00000000, 0.00000000, 0.00000000, 0.00000000, 0.00000000, 0.00000000, 0.00000000, 0.00000000, 0.00000000, 0.00000000, 0.00000000, 0.00000000, 0.00000000, 0.00000000, 0.00000000, 0.00000000, 0.00000000, 0.00000000, 0.00000000, 0.00000000, 0.00000000, 0.00000000, 0.00000000, 0.00000000, 0.00000000, 0.00000000, 0.00000000, 0.00000000, 0.00000000, 0.00000000, 0.00000000, 0.00000000, 0.00000000, 0.00000000, 0.00000000, 0.00000000, 0.00000000, 0.00000000, 0.00000000, 0.00000000, 0.00000000, 0.00000000, 0.00000000, 0.00000000, 0.00000000
 0.11592730,-0.00934947, 0.07565323,-0.02631951, 0.01031250, 0.00817612, 0.04940233,-0.03970217,-0.00020787, 0.00237167, 0.00980627, 0.00769135,-0.01212691,-0.00290315,-0.01053176,-0.01062921,-0.00825888, 0.00277889, 0.01101340,-0.00309649,-0.00412716,-0.00446781,-0.00252682, 0.00705256,-0.00201277,-0.00942317,-0.00139143,-0.00471418,-0.00498754,-0.00088311,-0.00613453,-0.00247946,-0.00746365, 0.00424052, 0.00119103,-0.00232828,-0.00197395,-0.00246766, 0.00474235, 0.00000000, 0.00000000, 0.00000000, 0.00000000, 0.00000000, 0.00000000, 0.00000000, 0.00000000, 0.00000000, 0.00000000, 0.00000000, 0.00000000, 0.00000000, 0.00000000, 0.00000000, 0.00000000, 0.00000000, 0.00000000, 0.00000000, 0.00000000, 0.00000000, 0.00000000, 0.00000000, 0.00000000, 0.00000000, 0.00000000, 0.00000000, 0.00000000, 0.00000000, 0.00000000, 0.00000000, 0.00000000, 0.00000000, 0.00000000, 0.00000000, 0.00000000, 0.00000000, 0.00000000, 0.00000000, 0.00000000, 0.00000000, 0.00000000, 0.00000000, 0.00000000, 0.00000000, 0.00000000, 0.00000000, 0.00000000, 0.00000000, 0.00000000, 0.00000000, 0.00000000, 0.00000000, 0.00000000, 0.00000000, 0.00000000, 0.00000000, 0.00000000, 0.00000000, 0.00000000, 0.00000000, 0.00000000, 0.00000000, 0.00000000, 0.00000000, 0.00000000, 0.00000000, 0.00000000, 0.00000000, 0.00000000, 0.00000000, 0.00000000, 0.00000000
 0.11391990,-0.00486681, 0.08003696,-0.02974620, 0.01753949, 0.01229494, 0.04483490,-0.02894714, 0.00666540, 0.00926972, 0.02371506, 0.00907307,-0.00946635,-0.00418979, 0.01124590,-0.00654035,-0.00237497,-0.00870577,-0.01305039,-0.01159794,-0.00739118,-0.00670361, 0.00946442, 0.01157789, 0.00326819, 0.00700883, 0.00407769, 0.00329177,-0.00040153,-0.00265363, 0.00240716, 0.00157450, 0.00524950, 0.00054384,-0.00198134, 0.00035644, 0.00332518, 0.00399466, 0.00184887, 0.00000000, 0.00000000, 0.00000000, 0.00000000, 0.00000000, 0.00000000, 0.00000000, 0.00000000, 0.00000000, 0.00000000, 0.00000000, 0.00000000, 0.00000000, 0.00000000, 0.00000000, 0.00000000, 0.00000000, 0.00000000, 0.00000000, 0.00000000, 0.00000000, 0.00000000, 0.00000000, 0.00000000, 0.00000000, 0.00000000, 0.00000000, 0.00000000, 0.00000000, 0.00000000, 0.00000000, 0.00000000, 0.00000000, 0.00000000, 0.00000000, 0.00000000, 0.00000000, 0.00000000, 0.00000000, 0.00000000, 0.00000000, 0.00000000, 0.00000000, 0.00000000, 0.00000000, 0.00000000, 0.00000000, 0.00000000, 0.00000000, 0.00000000, 0.00000000, 0.00000000, 0.00000000, 0.00000000, 0.00000000, 0.00000000, 0.00000000, 0.00000000, 0.00000000, 0.00000000, 0.00000000, 0.00000000, 0.00000000, 0.00000000, 0.00000000, 0.00000000, 0.00000000, 0.00000000, 0.00000000, 0.00000000, 0.00000000, 0.00000000, 0.00000000
 0.50858274,-0.22398832,-0.10718895, 0.05431308, 0.00217411, 0.00511023, 0.01055011, 0.00308431, 0.10645874,-0.01946926,-0.01904887,-0.01138960, 0.01409962,-0.01061110, 0.00000250, 0.00163431,-0.00352137,-0.00378580, 0.00228585,-0.00473435, 0.00216498, 0.00013030, 0.00261221,-0.00203529,-0.00195695, 0.00015958, 0.00046711, 0.00414610,-0.00057575, 0.00175443, 0.00091263, 0.00151049,-0.00153341, 0.00038040,-0.00018474, 0.00038288, 0.00023472,-0.00035204, 0.00217064, 0.00000000, 0.00000000, 0.00000000, 0.00000000, 0.00000000, 0.00000000, 0.00000000, 0.00000000, 0.00000000, 0.00000000, 0.00000000, 0.00000000, 0.00000000, 0.00000000, 0.00000000, 0.00000000, 0.00000000, 0.00000000, 0.00000000, 0.00000000, 0.00000000, 0.00000000, 0.00000000, 0.00000000, 0.00000000, 0.00000000, 0.00000000, 0.00000000, 0.00000000, 0.00000000, 0.00000000, 0.00000000, 0.00000000, 0.00000000, 0.00000000, 0.00000000, 0.00000000, 0.00000000, 0.00000000, 0.00000000, 0.00000000, 0.00000000, 0.00000000, 0.00000000, 0.00000000, 0.00000000, 0.00000000, 0.00000000, 0.00000000, 0.00000000, 0.00000000, 0.00000000, 0.00000000, 0.00000000, 0.00000000, 0.00000000, 0.00000000, 0.00000000, 0.00000000, 0.00000000, 0.00000000, 0.00000000, 0.00000000, 0.00000000, 0.00000000, 0.00000000, 0.00000000, 0.00000000, 0.00000000, 0.00000000, 0.00000000, 0.00000000, 0.00000000
 0.14191212, 0.01903032, 0.03211417,-0.02563445, 0.03837058,-0.00372974, 0.02862733,-0.02564900, 0.00218796,-0.00119903, 0.01066449, 0.00819920,-0.00617338,-0.01343575, 0.00369293, 0.02174533, 0.01220400, 0.00885595,-0.00993425,-0.00779099, 0.00302864, 0.01227999,-0.00451317,-0.00236930, 0.00487534,-0.00191900,-0.00066599, 0.00312872,-0.00043123, 0.00005556, 0.00020243,-0.00275458,-0.00652083, 0.00190003, 0.00772464, 0.00054852, 0.00020121, 0.00333941,-0.00231364, 0.00000000, 0.00000000, 0.00000000, 0.00000000, 0.00000000, 0.00000000, 0.00000000, 0.00000000, 0.00000000, 0.00000000, 0.00000000, 0.00000000, 0.00000000, 0.00000000, 0.00000000, 0.00000000, 0.00000000, 0.00000000, 0.00000000, 0.00000000, 0.00000000, 0.00000000, 0.00000000, 0.00000000, 0.00000000, 0.00000000, 0.00000000, 0.00000000, 0.00000000, 0.00000000, 0.00000000, 0.00000000, 0.00000000, 0.00000000, 0.00000000, 0.00000000, 0.00000000, 0.00000000, 0.00000000, 0.00000000, 0.00000000, 0.00000000, 0.00000000, 0.00000000, 0.00000000, 0.00000000, 0.00000000, 0.00000000, 0.00000000, 0.00000000, 0.00000000, 0.00000000, 0.00000000, 0.00000000, 0.00000000, 0.00000000, 0.00000000, 0.00000000, 0.00000000, 0.00000000, 0.00000000, 0.00000000, 0.00000000, 0.00000000, 0.00000000, 0.00000000, 0.00000000, 0.00000000, 0.00000000, 0.00000000, 0.00000000, 0.00000000, 0.00000000
 0.08757014, 0.01844983,-0.00646145,-0.04072738, 0.01842791,-0.04068294, 0.03925852,-0.01239030, 0.01957020,-0.01006074, 0.03193182, 0.01917894, 0.00961287,-0.00278674,-0.00579533, 0.00680618, 0.00371012,-0.01060171,-0.00826047, 0.01263621, 0.00088697,-0.00298721,-0.00768796,-0.00082519,-0.01037709, 0.00318707,-0.00095710,-0.00663281, 0.00822963,-0.00545784, 0.00144007, 0.00115883,-0.00172035, 0.00207369,-0.00431885, 0.00176264,-0.00132703,-0.00324663,-0.00251132, 0.00000000, 0.00000000, 0.00000000, 0.00000000, 0.00000000, 0.00000000, 0.00000000, 0.00000000, 0.00000000, 0.00000000, 0.00000000, 0.00000000, 0.00000000, 0.00000000, 0.00000000, 0.00000000, 0.00000000, 0.00000000, 0.00000000, 0.00000000, 0.00000000, 0.00000000, 0.00000000, 0.00000000, 0.00000000, 0.00000000, 0.00000000, 0.00000000, 0.00000000, 0.00000000, 0.00000000, 0.00000000, 0.00000000, 0.00000000, 0.00000000, 0.00000000, 0.00000000, 0.00000000, 0.00000000, 0.00000000, 0.00000000, 0.00000000, 0.00000000, 0.00000000, 0.00000000, 0.00000000, 0.00000000, 0.00000000, 0.00000000, 0.00000000, 0.00000000, 0.00000000, 0.00000000, 0.00000000, 0.00000000, 0.00000000, 0.00000000, 0.00000000, 0.00000000, 0.00000000, 0.00000000, 0.00000000, 0.00000000, 0.00000000, 0.00000000, 0.00000000, 0.00000000, 0.00000000, 0.00000000, 0.00000000, 0.00000000, 0.00000000, 0.00000000
-0.02845310, 0.16468906, 0.11896566, 0.11778966, 0.15021303, 0.05920012,-0.05848492, 0.04157907, 0.01382952, 0.00078361, 0.01363598, 0.01077035,-0.00225204, 0.00315695,-0.01182411,-0.00270562, 0.00316861, 0.01141204,-0.00668422,-0.00974546, 0.00167899,-0.00312871,-0.00384883,-0.00239573,-0.00246471, 0.00681755, 0.00024588,-0.00270655,-0.00338910,-0.00234632,-0.00342834, 0.00006900, 0.00260465, 0.00122695, 0.00076657, 0.00186953,-0.00170433,-0.00225403, 0.00158104, 0.00000000, 0.00000000, 0.00000000, 0.00000000, 0.00000000, 0.00000000, 0.00000000, 0.00000000, 0.00000000, 0.00000000, 0.00000000, 0.00000000, 0.00000000, 0.00000000, 0.00000000, 0.00000000, 0.00000000, 0.00000000, 0.00000000, 0.00000000, 0.00000000, 0.00000000, 0.00000000, 0.00000000, 0.00000000, 0.00000000, 0.00000000, 0.00000000, 0.00000000, 0.00000000, 0.00000000, 0.00000000, 0.00000000, 0.00000000, 0.00000000, 0.00000000, 0.00000000, 0.00000000, 0.00000000, 0.00000000, 0.00000000, 0.00000000, 0.00000000, 0.00000000, 0.00000000, 0.00000000, 0.00000000, 0.00000000, 0.00000000, 0.00000000, 0.00000000, 0.00000000, 0.00000000, 0.00000000, 0.00000000, 0.00000000, 0.00000000, 0.00000000, 0.00000000, 0.00000000, 0.00000000, 0.00000000, 0.00000000, 0.00000000, 0.00000000, 0.00000000, 0.00000000, 0.00000000, 0.00000000, 0.00000000, 0.00000000, 0.00000000, 0.00000000
-0.25294777,-0.22607334,-0.00911394,-0.02602787, 0.01846686, 0.00508704, 0.01877730, 0.01073944, 0.00916456,-0.00190656,-0.00078240, 0.04154890, 0.00159468, 0.00978036, 0.00520658, 0.00728882,-0.01297445, 0.00345601,-0.00109223,-0.00160505, 0.00996792,-0.00443816, 0.00410209,-0.00674619, 0.00484001,-0.00881949,-0.00413167,-0.00766329,-0.00548274, 0.00219806, 0.00575496,-0.00247951, 0.00562220,-0.00158244, 0.00041465,-0.00047692, 0.00256952,-0.00067149,-0.00096066, 0.00000000, 0.00000000, 0.00000000, 0.00000000, 0.00000000, 0.00000000, 0.00000000, 0.00000000, 0.00000000, 0.00000000, 0.00000000, 0.00000000, 0.00000000, 0.00000000, 0.00000000, 0.00000000, 0.00000000, 0.00000000, 0.00000000, 0.00000000, 0.00000000, 0.00000000, 0.00000000, 0.00000000, 0.00000000, 0.00000000, 0.00000000, 0.00000000, 0.00000000, 0.00000000, 0.00000000, 0.00000000, 0.00000000, 0.00000000, 0.00000000, 0.00000000, 0.00000000, 0.00000000, 0.00000000, 0.00000000, 0.00000000, 0.00000000, 0.00000000, 0.00000000, 0.00000000, 0.00000000, 0.00000000, 0.00000000, 0.00000000, 0.00000000, 0.00000000, 0.00000000, 0.00000000, 0.00000000, 0.00000000, 0.00000000, 0.00000000, 0.00000000, 0.00000000, 0.00000000, 0.00000000, 0.00000000, 0.00000000, 0.00000000, 0.00000000, 0.00000000, 0.00000000, 0.00000000, 0.00000000, 0.00000000, 0.00000000, 0.00000000, 0.00000000
-0.41438994,-0.01898872, 0.00841208, 0.05151597,-0.02971436, 0.05683032, 0.03544724,-0.01104996,-0.00595681, 0.00228994,-0.01066363, 0.00718667, 0.02252667, 0.00480637, 0.00420226,-0.01513455,-0.00243937,-0.00324169,-0.00646084,-0.00630437,-0.00064780, 0.01758046, 0.00376276,-0.00450166,-0.00164989, 0.00248748, 0.00534003,-0.00538037,-0.00347124,-0.00011541,-0.00543196,-0.00075720,-0.00555884,-0.00327840,-0.00531547,-0.00018615,-0.00014836, 0.00136274,-0.00266375, 0.00000000, 0.00000000, 0.00000000, 0.00000000, 0.00000000, 0.00000000, 0.00000000, 0.00000000, 0.00000000, 0.00000000, 0.00000000, 0.00000000, 0.00000000, 0.00000000, 0.00000000, 0.00000000, 0.00000000, 0.00000000, 0.00000000, 0.00000000, 0.00000000, 0.00000000, 0.00000000, 0.00000000, 0.00000000, 0.00000000, 0.00000000, 0.00000000, 0.00000000, 0.00000000, 0.00000000, 0.00000000, 0.00000000, 0.00000000, 0.00000000, 0.00000000, 0.00000000, 0.00000000, 0.00000000, 0.00000000, 0.00000000, 0.00000000, 0.00000000, 0.00000000, 0.00000000, 0.00000000, 0.00000000, 0.00000000, 0.00000000, 0.00000000, 0.00000000, 0.00000000, 0.00000000, 0.00000000, 0.00000000, 0.00000000, 0.00000000, 0.00000000, 0.00000000, 0.00000000, 0.00000000, 0.00000000, 0.00000000, 0.00000000, 0.00000000, 0.00000000, 0.00000000, 0.00000000, 0.00000000, 0.00000000, 0.00000000, 0.00000000, 0.00000000
-0.19405114,-0.05264623, 0.03079729,-0.00612489, 0.02919480,-0.02419532, 0.01541744, 0.01652839,-0.00274075,-0.00719095,-0.02930691, 0.00320659, 0.00380409,-0.00252111, 0.00557363,-0.01461301, 0.00561751,-0.00257894,-0.00127555,-0.00132862,-0.00286048,-0.00839755,-0.00254687, 0.00227263,-0.00234043,-0.00340765,-0.00035066,-0.00091493, 0.00354282,-0.00602483,-0.00427675, 0.00857514,-0.00066934,-0.00335795, 0.00968622,-0.00123483, 0.00463095,-0.00168623,-0.00348012, 0.00000000, 0.00000000, 0.00000000, 0.00000000, 0.00000000, 0.00000000, 0.00000000, 0.00000000, 0.00000000, 0.00000000, 0.00000000, 0.00000000, 0.00000000, 0.00000000, 0.00000000, 0.00000000, 0.00000000, 0.00000000, 0.00000000, 0.00000000, 0.00000000, 0.00000000, 0.00000000, 0.00000000, 0.00000000, 0.00000000, 0.00000000, 0.00000000, 0.00000000, 0.00000000, 0.00000000, 0.00000000, 0.00000000, 0.00000000, 0.00000000, 0.00000000, 0.00000000, 0.00000000, 0.00000000, 0.00000000, 0.00000000, 0.00000000, 0.00000000, 0.00000000, 0.00000000, 0.00000000, 0.00000000, 0.00000000, 0.00000000, 0.00000000, 0.00000000, 0.00000000, 0.00000000, 0.00000000, 0.00000000, 0.00000000, 0.00000000, 0.00000000, 0.00000000, 0.00000000, 0.00000000, 0.00000000, 0.00000000, 0.00000000, 0.00000000, 0.00000000, 0.00000000, 0.00000000, 0.00000000, 0.00000000, 0.00000000, 0.00000000, 0.00000000
 0.03169398,-0.04303378, 0.07955915, 0.00623971, 0.04476319,-0.06110336, 0.01159241, 0.01726383,-0.01751298,-0.00238383,-0.02150744,-0.00638549, 0.00578198, 0.00530653,-0.00892896, 0.00248885,-0.00367132, 0.00387794,-0.00688805, 0.01514976,-0.00322549, 0.00552273, 0.01712562, 0.00021713,-0.00975584, 0.00135759, 0.00182651, 0.00079110,-0.00456284,-0.00540419, 0.00596399,-0.00045429, 0.00033265, 0.00365004, 0.00357798,-0.00312715,-0.00378323, 0.00201487, 0.00146907, 0.00000000, 0.00000000, 0.00000000, 0.00000000, 0.00000000, 0.00000000, 0.00000000, 0.00000000, 0.00000000, 0.00000000, 0.00000000, 0.00000000, 0.00000000, 0.00000000, 0.00000000, 0.00000000, 0.00000000, 0.00000000, 0.00000000, 0.00000000, 0.00000000, 0.00000000, 0.00000000, 0.00000000, 0.00000000, 0.00000000, 0.00000000, 0.00000000, 0.00000000, 0.00000000, 0.00000000, 0.00000000, 0.00000000, 0.00000000, 0.00000000, 0.00000000, 0.00000000, 0.00000000, 0.00000000, 0.00000000, 0.00000000, 0.00000000, 0.00000000, 0.00000000, 0.00000000, 0.00000000, 0.00000000, 0.00000000, 0.00000000, 0.00000000, 0.00000000, 0.00000000, 0.00000000, 0.00000000, 0.00000000, 0.00000000, 0.00000000, 0.00000000, 0.00000000, 0.00000000, 0.00000000, 0.00000000, 0.00000000, 0.00000000, 0.00000000, 0.00000000, 0.00000000, 0.00000000, 0.00000000, 0.00000000, 0.00000000, 0.00000000, 0.00000000
 0.22841291,-0.02847918, 0.08394128, 0.03394416, 0.03351742,-0.04629779, 0.03251361, 0.03039657,-0.02615016, 0.01384728, 0.00903422,-0.01867996, 0.00482115,-0.01226959,-0.01132108, 0.00119059,-0.00864373, 0.00015235,-0.00242274,-0.01161406, 0.00223388,-0.00187530, 0.00387563,-0.00390681, 0.00178047,-0.01259544, 0.00585693, 0.00791147, 0.00761609,-0.00041127,-0.00113190,-0.00316567, 0.00263842,-0.00120046,-0.00370310,-0.00156187,-0.00159327,-0.00273282,-0.00324367, 0.00000000, 0.00000000, 0.00000000, 0.00000000, 0.00000000, 0.00000000, 0.00000000, 0.00000000, 0.00000000, 0.00000000, 0.00000000, 0.00000000, 0.00000000, 0.00000000, 0.00000000, 0.00000000, 0.00000000, 0.00000000, 0.00000000, 0.00000000, 0.00000000, 0.00000000, 0.00000000, 0.00000000, 0.00000000, 0.00000000, 0.00000000, 0.00000000, 0.00000000, 0.00000000, 0.00000000, 0.00000000, 0.00000000, 0.00000000, 0.00000000, 0.00000000, 0.00000000, 0.00000000, 0.00000000, 0.00000000, 0.00000000, 0.00000000, 0.00000000, 0.00000000, 0.00000000, 0.00000000, 0.00000000, 0.00000000, 0.00000000, 0.00000000, 0.00000000, 0.00000000, 0.00000000, 0.00000000, 0.00000000, 0.00000000, 0.00000000, 0.00000000, 0.00000000, 0.00000000, 0.00000000, 0.00000000, 0.00000000, 0.00000000, 0.00000000, 0.00000000, 0.00000000, 0.00000000, 0.00000000, 0.00000000, 0.00000000, 0.00000000, 0.00000000
 0.36053013,-0.09157883,-0.05801680, 0.04377090, 0.05542944,-0.03274464, 0.00750911, 0.02377133,-0.02367583, 0.03209449,-0.01271687,-0.01239341,-0.00361442,-0.00200359, 0.00871562, 0.02036356,-0.00841520,-0.01691095, 0.00438695, 0.00117880,-0.00269842, 0.00060108, 0.00137478, 0.00373155, 0.00747171, 0.00666257,-0.00640565,-0.00669230,-0.00412204,-0.00019843,-0.00792794, 0.00289933,-0.00083212, 0.00035802,-0.00134928,-0.00050323,-0.00051596,-0.00083098,-0.00132359, 0.00000000, 0.00000000, 0.00000000, 0.00000000, 0.00000000, 0.00000000, 0.00000000, 0.00000000, 0.00000000, 0.00000000, 0.00000000, 0.00000000, 0.00000000, 0.00000000, 0.00000000, 0.00000000, 0.00000000, 0.00000000, 0.00000000, 0.00000000, 0.00000000, 0.00000000, 0.00000000, 0.00000000, 0.00000000, 0.00000000, 0.00000000, 0.00000000, 0.00000000, 0.00000000, 0.00000000, 0.00000000, 0.00000000, 0.00000000, 0.00000000, 0.00000000, 0.00000000, 0.00000000, 0.00000000, 0.00000000, 0.00000000, 0.00000000, 0.00000000, 0.00000000, 0.00000000, 0.00000000, 0.00000000, 0.00000000, 0.00000000, 0.00000000, 0.00000000, 0.00000000, 0.00000000, 0.00000000, 0.00000000, 0.00000000, 0.00000000, 0.00000000, 0.00000000, 0.00000000, 0.00000000, 0.00000000, 0.00000000, 0.00000000, 0.00000000, 0.00000000, 0.00000000, 0.00000000, 0.00000000, 0.00000000, 0.00000000, 0.00000000, 0.00000000
 0.48534316,-0.21290459,-0.11121651, 0.04613916, 0.00406954, 0.01744255, 0.02320847, 0.00673198,-0.01980810, 0.03377563, 0.00475411, 0.00244918,-0.00273054, 0.02614824,-0.01621623,-0.01402709, 0.00941371,-0.01225524,-0.00412739, 0.00053578,-0.00073620, 0.00391560,-0.01104763,-0.00065142,-0.00134846,-0.00301079,-0.00299187, 0.00251085,-0.00048489, 0.00398729, 0.00549517, 0.00012954, 0.00144958,-0.00262431, 0.00306344, 0.00210671,-0.00224806, 0.00247763, 0.00131761, 0.00000000, 0.00000000, 0.00000000, 0.00000000, 0.00000000, 0.00000000, 0.00000000, 0.00000000, 0.00000000, 0.00000000, 0.00000000, 0.00000000, 0.00000000, 0.00000000, 0.00000000, 0.00000000, 0.00000000, 0.00000000, 0.00000000, 0.00000000, 0.00000000, 0.00000000, 0.00000000, 0.00000000, 0.00000000, 0.00000000, 0.00000000, 0.00000000, 0.00000000, 0.00000000, 0.00000000, 0.00000000, 0.00000000, 0.00000000, 0.00000000, 0.00000000, 0.00000000, 0.00000000, 0.00000000, 0.00000000, 0.00000000, 0.00000000, 0.00000000, 0.00000000, 0.00000000, 0.00000000, 0.00000000, 0.00000000, 0.00000000, 0.00000000, 0.00000000, 0.00000000, 0.00000000, 0.00000000, 0.00000000, 0.00000000, 0.00000000, 0.00000000, 0.00000000, 0.00000000, 0.00000000, 0.00000000, 0.00000000, 0.00000000, 0.00000000, 0.00000000, 0.00000000, 0.00000000, 0.00000000, 0.00000000, 0.00000000, 0.00000000, 0.00000000
-0.22018978, 0.01377891,-0.06818703,-0.01922900,-0.00254985,-0.00880818, 0.05256444, 0.01889822, 0.00217084, 0.00365209,-0.01910877,-0.00217144,-0.00460804, 0.00618366, 0.00428913,-0.00563712, 0.00066473, 0.01232859, 0.00279123,-0.00106698, 0.00434716,-0.00939534,-0.00160425,-0.00208953,-0.00052797, 0.00327768, 0.00063393,-0.00191196, 0.00514559, 0.00845074,-0.00397283, 0.00248567, 0.00160774, 0.01054847,-0.00160627, 0.00196242,-0.00332263, 0.00526870,-0.00245285, 0.00000000, 0.00000000, 0.00000000, 0.00000000, 0.00000000, 0.00000000, 0.00000000, 0.00000000, 0.00000000, 0.00000000, 0.00000000, 0.00000000, 0.00000000, 0.00000000, 0.00000000, 0.00000000, 0.00000000, 0.00000000, 0.00000000, 0.00000000, 0.00000000, 0.00000000, 0.00000000, 0.00000000, 0.00000000, 0.00000000, 0.00000000, 0.00000000, 0.00000000, 0.00000000, 0.00000000, 0.00000000, 0.00000000, 0.00000000, 0.00000000, 0.00000000, 0.00000000, 0.00000000, 0.00000000, 0.00000000, 0.00000000, 0.00000000, 0.00000000, 0.00000000, 0.00000000, 0.00000000, 0.00000000, 0.00000000, 0.00000000, 0.00000000, 0.00000000, 0.00000000, 0.00000000, 0.00000000, 0.00000000, 0.00000000, 0.00000000, 0.00000000, 0.00000000, 0.00000000, 0.00000000, 0.00000000, 0.00000000, 0.00000000, 0.00000000, 0.00000000, 0.00000000, 0.00000000, 0.00000000, 0.00000000, 0.00000000, 0.00000000, 0.00000000
 0.08622223, 0.13259871, 0.02146058,-0.03670139,-0.02213779,-0.00851003, 0.06769198, 0.04599903,-0.01272662, 0.00259594,-0.00226778,-0.01398306,-0.00464697, 0.00202045,-0.00383854, 0.00485999, 0.00479781, 0.01131121, 0.00313307,-0.00262450,-0.00456195,-0.00387146,-0.00691510,-0.00949018,-0.00193367, 0.00535842,-0.00141958, 0.00105778,-0.00510968,-0.00043142, 0.00704090, 0.00345548,-0.00466779,-0.00224750,-0.00528553,-0.00301229, 0.00619834,-0.00055711, 0.00227381, 0.00000000, 0.00000000, 0.00000000, 0.00000000, 0.00000000, 0.00000000, 0.00000000, 0.00000000, 0.00000000, 0.00000000, 0.00000000, 0.00000000, 0.00000000, 0.00000000, 0.00000000, 0.00000000, 0.00000000, 0.00000000, 0.00000000, 0.00000000, 0.00000000, 0.00000000, 0.00000000, 0.00000000, 0.00000000, 0.00000000, 0.00000000, 0.00000000, 0.00000000, 0.00000000, 0.00000000, 0.00000000, 0.00000000, 0.00000000, 0.00000000, 0.00000000, 0.00000000, 0.00000000, 0.00000000, 0.00000000, 0.00000000, 0.00000000, 0.00000000, 0.00000000, 0.00000000, 0.00000000, 0.00000000, 0.00000000, 0.00000000, 0.00000000, 0.00000000, 0.00000000, 0.00000000, 0.00000000, 0.00000000, 0.00000000, 0.00000000, 0.00000000, 0.00000000, 0.00000000, 0.00000000, 0.00000000, 0.00000000, 0.00000000, 0.00000000, 0.00000000, 0.00000000, 0.00000000, 0.00000000, 0.00000000, 0.00000000, 0.00000000, 0.00000000
-0.13156124, 0.13147828,-0.02648462,-0.01673470,-0.01298271,-0.03291243, 0.04108602, 0.03784623, 0.00561771,-0.01918710,-0.01095928,-0.00723124, 0.00754474,-0.00668670, 0.01281787, 0.00027997, 0.00526689,-0.00066960, 0.00137472, 0.00418638, 0.00293008, 0.00609399,-0.01468703, 0.01433642, 0.00039304,-0.00000117, 0.00649018,-0.00152385,-0.00476109, 0.00033361,-0.00062535,-0.00818653, 0.00793159,-0.00130208, 0.00103907,-0.00164552,-0.00117329,-0.00114950, 0.00107191, 0.00000000, 0.00000000, 0.00000000, 0.00000000, 0.00000000, 0.00000000, 0.00000000, 0.00000000, 0.00000000, 0.00000000, 0.00000000, 0.00000000, 0.00000000, 0.00000000, 0.00000000, 0.00000000, 0.00000000, 0.00000000, 0.00000000, 0.00000000, 0.00000000, 0.00000000, 0.00000000, 0.00000000, 0.00000000, 0.00000000, 0.00000000, 0.00000000, 0.00000000, 0.00000000, 0.00000000, 0.00000000, 0.00000000, 0.00000000, 0.00000000, 0.00000000, 0.00000000, 0.00000000, 0.00000000, 0.00000000, 0.00000000, 0.00000000, 0.00000000, 0.00000000, 0.00000000, 0.00000000, 0.00000000, 0.00000000, 0.00000000, 0.00000000, 0.00000000, 0.00000000, 0.00000000, 0.00000000, 0.00000000, 0.00000000, 0.00000000, 0.00000000, 0.00000000, 0.00000000, 0.00000000, 0.00000000, 0.00000000, 0.00000000, 0.00000000, 0.00000000, 0.00000000, 0.00000000, 0.00000000, 0.00000000, 0.00000000, 0.00000000, 0.00000000
-0.15094812, 0.05016439,-0.08195327,-0.01244267, 0.02598086,-0.01467467, 0.02813566,-0.00005656,-0.01807952,-0.00043651,-0.02590471, 0.01246794, 0.00090992, 0.00563292, 0.00675589,-0.00199470, 0.00803066, 0.00248131, 0.00446136,-0.00427570, 0.00284474, 0.00399840, 0.00924634, 0.00048176, 0.00794778, 0.00581480,-0.00412368, 0.00091074, 0.01176698,-0.00182505, 0.00241114,-0.00464373,-0.00199925,-0.00161440, 0.00021552, 0.00380712,-0.00094994,-0.00484425, 0.00548996, 0.00000000, 0.00000000, 0.00000000, 0.00000000, 0.00000000, 0.00000000, 0.00000000, 0.00000000, 0.00000000, 0.00000000, 0.00000000, 0.00000000, 0.00000000, 0.00000000, 0.00000000, 0.00000000, 0.00000000, 0.00000000, 0.00000000, 0.00000000, 0.00000000, 0.00000000, 0.00000000, 0.00000000, 0.00000000, 0.00000000, 0.00000000, 0.00000000, 0.00000000, 0.00000000, 0.00000000, 0.00000000, 0.00000000, 0.00000000, 0.00000000, 0.00000000, 0.00000000, 0.00000000, 0.00000000, 0.00000000, 0.00000000, 0.00000000, 0.00000000, 0.00000000, 0.00000000, 0.00000000, 0.00000000, 0.00000000, 0.00000000, 0.00000000, 0.00000000, 0.00000000, 0.00000000, 0.00000000, 0.00000000, 0.00000000, 0.00000000, 0.00000000, 0.00000000, 0.00000000, 0.00000000, 0.00000000, 0.00000000, 0.00000000, 0.00000000, 0.00000000, 0.00000000, 0.00000000, 0.00000000, 0.00000000, 0.00000000, 0.00000000, 0.00000000
-0.44661432, 0.01416537,-0.17500009, 0.07254969, 0.01007997, 0.08947658,-0.01878615,-0.01116865,-0.00628262, 0.01397310, 0.01553339,-0.00754980, 0.01328377,-0.00067152, 0.01258552, 0.00774028,-0.00975403, 0.00215485, 0.00425096,-0.00270995,-0.01258741,-0.00502630,-0.00290735, 0.00400815,-0.00102775, 0.00080649, 0.00378740,-0.00189259, 0.00471848, 0.00300277, 0.00956670, 0.00060742,-0.00273268, 0.00068377, 0.00363913,-0.00478195,-0.00236103,-0.00135662,-0.00072273, 0.00000000, 0.00000000, 0.00000000, 0.00000000, 0.00000000, 0.00000000, 0.00000000, 0.00000000, 0.00000000, 0.00000000, 0.00000000, 0.00000000, 0.00000000, 0.00000000, 0.00000000, 0.00000000, 0.00000000, 0.00000000, 0.00000000, 0.00000000, 0.00000000, 0.00000000, 0.00000000, 0.00000000, 0.00000000, 0.00000000, 0.00000000, 0.00000000, 0.00000000, 0.00000000, 0.00000000, 0.00000000, 0.00000000, 0.00000000, 0.00000000, 0.00000000, 0.00000000, 0.00000000, 0.00000000, 0.00000000, 0.00000000, 0.00000000, 0.00000000, 0.00000000, 0.00000000, 0.00000000, 0.00000000, 0.00000000, 0.00000000, 0.00000000, 0.00000000, 0.00000000, 0.00000000, 0.00000000, 0.00000000, 0.00000000, 0.00000000, 0.00000000, 0.00000000, 0.00000000, 0.00000000, 0.00000000, 0.00000000, 0.00000000, 0.00000000, 0.00000000, 0.00000000, 0.00000000, 0.00000000, 0.00000000, 0.00000000, 0.00000000, 0.00000000
-0.13404586, 0.05908271,-0.06743795,-0.08296824,-0.00573623,-0.00897300,-0.02057994,-0.05002140,-0.00084586, 0.04607519, 0.00285844,-0.02594284, 0.01638004,-0.02050169, 0.00066467,-0.00857545, 0.00473402, 0.00603626,-0.00007650,-0.00345912, 0.01094363, 0.00290937,-0.00051414,-0.00236200, 0.00060921,-0.00009066,-0.00403192,-0.00224249,-0.00584916,-0.00358127, 0.00396542, 0.00466107, 0.00483824, 0.00290857,-0.00004322, 0.00201776,-0.00100857,-0.00299535,-0.00000442, 0.00000000, 0.00000000, 0.00000000, 0.00000000, 0.00000000, 0.00000000, 0.00000000, 0.00000000, 0.00000000, 0.00000000, 0.00000000, 0.00000000, 0.00000000, 0.00000000, 0.00000000, 0.00000000, 0.00000000, 0.00000000, 0.00000000, 0.00000000, 0.00000000, 0.00000000, 0.00000000, 0.00000000, 0.00000000, 0.00000000, 0.00000000, 0.00000000, 0.00000000, 0.00000000, 0.00000000, 0.00000000, 0.00000000, 0.00000000, 0.00000000, 0.00000000, 0.00000000, 0.00000000, 0.00000000, 0.00000000, 0.00000000, 0.00000000, 0.00000000, 0.00000000, 0.00000000, 0.00000000, 0.00000000, 0.00000000, 0.00000000, 0.00000000, 0.00000000, 0.00000000, 0.00000000, 0.00000000, 0.00000000, 0.00000000, 0.00000000, 0.00000000, 0.00000000, 0.00000000, 0.00000000, 0.00000000, 0.00000000, 0.00000000, 0.00000000, 0.00000000, 0.00000000, 0.00000000, 0.00000000, 0.00000000, 0.00000000, 0.00000000, 0.00000000
 0.00939150, 0.07582225, 0.01835535,-0.06337538, 0.04227971, 0.00328892,-0.04298956,-0.01530126,-0.00720640,-0.00255506,-0.00911159, 0.00740245, 0.02528542, 0.00300920,-0.01213561, 0.00284357,-0.00720578,-0.00214995, 0.00527861, 0.00029501,-0.01558433, 0.00911617,-0.00543297,-0.00337515,-0.00150637,-0.00198292,-0.00551877, 0.00334241, 0.00432909, 0.00129048,-0.00375472,-0.00264938, 0.00532154, 0.00552122,-0.00043867,-0.00042359, 0.00632188, 0.00219760, 0.00159697, 0.00000000, 0.00000000, 0.00000000, 0.00000000, 0.00000000, 0.00000000, 0.00000000, 0.00000000, 0.00000000, 0.00000000, 0.00000000, 0.00000000, 0.00000000, 0.00000000, 0.00000000, 0.00000000, 0.00000000, 0.00000000, 0.00000000, 0.00000000, 0.00000000, 0.00000000, 0.00000000, 0.00000000, 0.00000000, 0.00000000, 0.00000000, 0.00000000, 0.00000000, 0.00000000, 0.00000000, 0.00000000, 0.00000000, 0.00000000, 0.00000000, 0.00000000, 0.00000000, 0.00000000, 0.00000000, 0.00000000, 0.00000000, 0.00000000, 0.00000000, 0.00000000, 0.00000000, 0.00000000, 0.00000000, 0.00000000, 0.00000000, 0.00000000, 0.00000000, 0.00000000, 0.00000000, 0.00000000, 0.00000000, 0.00000000, 0.00000000, 0.00000000, 0.00000000, 0.00000000, 0.00000000, 0.00000000, 0.00000000, 0.00000000, 0.00000000, 0.00000000, 0.00000000, 0.00000000, 0.00000000, 0.00000000, 0.00000000, 0.00000000, 0.00000000
 0.21762946,-0.01350732,-0.01606850,-0.06462014, 0.04784764, 0.04231905,-0.04069554, 0.00358385,-0.02823798,-0.00980377,-0.00458803, 0.01420380, 0.01196834, 0.01068835, 0.00703734, 0.00024916,-0.01169007, 0.00185593, 0.00134449, 0.00270268, 0.01748466,-0.00124022,-0.00360972, 0.01230630,-0.00317658, 0.00223315, 0.00004719, 0.01270627,-0.00186040, 0.00053532, 0.00062355, 0.00326164,-0.00601392, 0.00023887,-0.00280436,-0.00002037, 0.00068975,-0.00028312,-0.00098672, 0.00000000, 0.00000000, 0.00000000, 0.00000000, 0.00000000, 0.00000000, 0.00000000, 0.00000000, 0.00000000, 0.00000000, 0.00000000, 0.00000000, 0.00000000, 0.00000000, 0.00000000, 0.00000000, 0.00000000, 0.00000000, 0.00000000, 0.00000000, 0.00000000, 0.00000000, 0.00000000, 0.00000000, 0.00000000, 0.00000000, 0.00000000, 0.00000000, 0.00000000, 0.00000000, 0.00000000, 0.00000000, 0.00000000, 0.00000000, 0.00000000, 0.00000000, 0.00000000, 0.00000000, 0.00000000, 0.00000000, 0.00000000, 0.00000000, 0.00000000, 0.00000000, 0.00000000, 0.00000000, 0.00000000, 0.00000000, 0.00000000, 0.00000000, 0.00000000, 0.00000000, 0.00000000, 0.00000000, 0.00000000, 0.00000000, 0.00000000, 0.00000000, 0.00000000, 0.00000000, 0.00000000, 0.00000000, 0.00000000, 0.00000000, 0.00000000, 0.00000000, 0.00000000, 0.00000000, 0.00000000, 0.00000000, 0.00000000, 0.00000000, 0.00000000
 0.32761063,-0.13456273,-0.04928206,-0.09605018, 0.00654044, 0.07241268,-0.02764212,-0.01394883,-0.00506741, 0.00422513,-0.02357808,-0.01119895,-0.02060415,-0.01488771, 0.00447856,-0.00506348,-0.01282558, 0.01048467,-0.01469479, 0.00668917,-0.00628569,-0.00463548,-0.00398546,-0.00438234,-0.00486974, 0.00350681,-0.00163006,-0.00223676, 0.00218106, 0.00080141,-0.00237134,-0.00709348, 0.00004505,-0.00608806,-0.00047852, 0.00107474,-0.00103195, 0.00005929,-0.00081006, 0.00000000, 0.00000000, 0.00000000, 0.00000000, 0.00000000, 0.00000000, 0.00000000, 0.00000000, 0.00000000, 0.00000000, 0.00000000, 0.00000000, 0.00000000, 0.00000000, 0.00000000, 0.00000000, 0.00000000, 0.00000000, 0.00000000, 0.00000000, 0.00000000, 0.00000000, 0.00000000, 0.00000000, 0.00000000, 0.00000000, 0.00000000, 0.00000000, 0.00000000, 0.00000000, 0.00000000, 0.00000000, 0.00000000, 0.00000000, 0.00000000, 0.00000000, 0.00000000, 0.00000000, 0.00000000, 0.00000000, 0.00000000, 0.00000000, 0.00000000, 0.00000000, 0.00000000, 0.00000000, 0.00000000, 0.00000000, 0.00000000, 0.00000000, 0.00000000, 0.00000000, 0.00000000, 0.00000000, 0.00000000, 0.00000000, 0.00000000, 0.00000000, 0.00000000, 0.00000000, 0.00000000, 0.00000000, 0.00000000, 0.00000000, 0.00000000, 0.00000000, 0.00000000, 0.00000000, 0.00000000, 0.00000000, 0.00000000, 0.00000000, 0.00000000
 0.43579748,-0.19377680,-0.07821508,-0.05294337,-0.00838018, 0.12956701,-0.02180017, 0.01089695,-0.03081231,-0.04414945, 0.00798747,-0.01047125,-0.01258212,-0.00216308,-0.00496029,-0.00117909, 0.01248167,-0.00608201, 0.00854251,-0.00199295, 0.00437737, 0.00475542, 0.00572692,-0.00271739, 0.00232374,-0.00003055, 0.00635360,-0.00600960, 0.00099275,-0.00311877, 0.00081773, 0.00133657, 0.00275896, 0.00491251,-0.00026713,-0.00220902, 0.00137929,-0.00099733,-0.00091640, 0.00000000, 0.00000000, 0.00000000, 0.00000000, 0.00000000, 0.00000000, 0.00000000, 0.00000000, 0.00000000, 0.00000000, 0.00000000, 0.00000000, 0.00000000, 0.00000000, 0.00000000, 0.00000000, 0.00000000, 0.00000000, 0.00000000, 0.00000000, 0.00000000, 0.00000000, 0.00000000, 0.00000000, 0.00000000, 0.00000000, 0.00000000, 0.00000000, 0.00000000, 0.00000000, 0.00000000, 0.00000000, 0.00000000, 0.00000000, 0.00000000, 0.00000000, 0.00000000, 0.00000000, 0.00000000, 0.00000000, 0.00000000, 0.00000000, 0.00000000, 0.00000000, 0.00000000, 0.00000000, 0.00000000, 0.00000000, 0.00000000, 0.00000000, 0.00000000, 0.00000000, 0.00000000, 0.00000000, 0.00000000, 0.00000000, 0.00000000, 0.00000000, 0.00000000, 0.00000000, 0.00000000, 0.00000000, 0.00000000, 0.00000000, 0.00000000, 0.00000000, 0.00000000, 0.00000000, 0.00000000, 0.00000000, 0.00000000, 0.00000000, 0.00000000
 0.03091400, 0.25347662, 0.07386455,-0.04707198,-0.03485644, 0.08884409, 0.00925821, 0.02292321,-0.00813483,-0.02392494, 0.00117275,-0.00080012, 0.01831697,-0.00698824, 0.00532248, 0.00604637, 0.01094482,-0.00652150, 0.00041229,-0.00062453,-0.00837893,-0.00828790, 0.00690007, 0.00073360,-0.00160206,-0.00828003,-0.00947253, 0.00165048,-0.00416160, 0.00289898,-0.00042597, 0.00182633, 0.00016869,-0.00401071,-0.00082750, 0.00427535,-0.00493589, 0.00149449,-0.00009923, 0.00000000, 0.00000000, 0.00000000, 0.00000000, 0.00000000, 0.00000000, 0.00000000, 0.00000000, 0.00000000, 0.00000000, 0.00000000, 0.00000000, 0.00000000, 0.00000000, 0.00000000, 0.00000000, 0.00000000, 0.00000000, 0.00000000, 0.00000000, 0.00000000, 0.00000000, 0.00000000, 0.00000000, 0.00000000, 0.00000000, 0.00000000, 0.00000000, 0.00000000, 0.00000000, 0.00000000, 0.00000000, 0.00000000, 0.00000000, 0.00000000, 0.00000000, 0.00000000, 0.00000000, 0.00000000, 0.00000000, 0.00000000, 0.00000000, 0.00000000, 0.00000000, 0.00000000, 0.00000000, 0.00000000, 0.00000000, 0.00000000, 0.00000000, 0.00000000, 0.00000000, 0.00000000, 0.00000000, 0.00000000, 0.00000000, 0.00000000, 0.00000000, 0.00000000, 0.00000000, 0.00000000, 0.00000000, 0.00000000, 0.00000000, 0.00000000, 0.00000000, 0.00000000, 0.00000000, 0.00000000, 0.00000000, 0.00000000, 0.00000000, 0.00000000
-0.16303073,-0.14246252,-0.08205554,-0.03722132, 0.03882822,-0.10824779,-0.05484073, 0.05387656, 0.00101861,-0.01062428, 0.04332054,-0.01293102, 0.00084115,-0.01042848, 0.01011201,-0.01621540, 0.00008167, 0.00021570, 0.00565391,-0.00025533,-0.00079578, 0.00189819, 0.00475462, 0.00143935, 0.00015151,-0.00008681,-0.00463460,-0.00349366, 0.00004681, 0.00219376, 0.00115944,-0.00432827,-0.00524384,-0.00099916, 0.00070228, 0.00190868, 0.00163322, 0.00310196,-0.00027973, 0.00000000, 0.00000000, 0.00000000, 0.00000000, 0.00000000, 0.00000000, 0.00000000, 0.00000000, 0.00000000, 0.00000000, 0.00000000, 0.00000000, 0.00000000, 0.00000000, 0.00000000, 0.00000000, 0.00000000, 0.00000000, 0.00000000, 0.00000000, 0.00000000, 0.00000000, 0.00000000, 0.00000000, 0.00000000, 0.00000000, 0.00000000, 0.00000000, 0.00000000, 0.00000000, 0.00000000, 0.00000000, 0.00000000, 0.00000000, 0.00000000, 0.00000000, 0.00000000, 0.00000000, 0.00000000, 0.00000000, 0.00000000, 0.00000000, 0.00000000, 0.00000000, 0.00000000, 0.00000000, 0.00000000, 0.00000000, 0.00000000, 0.00000000, 0.00000000, 0.00000000, 0.00000000, 0.00000000, 0.00000000, 0.00000000, 0.00000000, 0.00000000, 0.00000000, 0.00000000, 0.00000000, 0.00000000, 0.00000000, 0.00000000, 0.00000000, 0.00000000, 0.00000000, 0.00000000, 0.00000000, 0.00000000, 0.00000000, 0.00000000, 0.00000000
-0.15591603,-0.05205692, 0.29621447,-0.06924312,-0.06413107, 0.04007685,-0.02930843, 0.01880882, 0.04391029, 0.02299311, 0.00300907,-0.01816719,-0.00414968, 0.03076272, 0.01355338, 0.00046219,-0.00011426,-0.00341999, 0.00328544, 0.00065251, 0.00085509, 0.00069761,-0.00330864,-0.00247820, 0.00610808,-0.00030815,-0.00174835, 0.00088503, 0.00324752,-0.00772179, 0.00057684,-0.00307914,-0.00136010, 0.00178127, 0.00017774,-0.00164522,-0.00196673, 0.00041185,-0.00096348, 0.00000000, 0.00000000, 0.00000000, 0.00000000, 0.00000000, 0.00000000, 0.00000000, 0.00000000, 0.00000000, 0.00000000, 0.00000000, 0.00000000, 0.00000000, 0.00000000, 0.00000000, 0.00000000, 0.00000000, 0.00000000, 0.00000000, 0.00000000, 0.00000000, 0.00000000, 0.00000000, 0.00000000, 0.00000000, 0.00000000, 0.00000000, 0.00000000, 0.00000000, 0.00000000, 0.00000000, 0.00000000, 0.00000000, 0.00000000, 0.00000000, 0.00000000, 0.00000000, 0.00000000, 0.00000000, 0.00000000, 0.00000000, 0.00000000, 0.00000000, 0.00000000, 0.00000000, 0.00000000, 0.00000000, 0.00000000, 0.00000000, 0.00000000, 0.00000000, 0.00000000, 0.00000000, 0.00000000, 0.00000000, 0.00000000, 0.00000000, 0.00000000, 0.00000000, 0.00000000, 0.00000000, 0.00000000, 0.00000000, 0.00000000, 0.00000000, 0.00000000, 0.00000000, 0.00000000, 0.00000000, 0.00000000, 0.00000000, 0.00000000, 0.00000000
-0.05198702, 0.06267556,-0.02835158,-0.10729909,-0.01623296,-0.01892542,-0.00830007,-0.00019169, 0.00746108, 0.01313784, 0.02467575,-0.00308746, 0.01084387, 0.01417665,-0.00504744, 0.00745079, 0.00204453,-0.00092733,-0.00325552, 0.00565098, 0.00352603,-0.00328356, 0.00582253,-0.00661427, 0.00062106, 0.00285780, 0.01149022, 0.00009008, 0.00020332, 0.00943056,-0.00862155, 0.00286863, 0.00073558,-0.00457112, 0.00443748,-0.00167344,-0.00004943,-0.00160206, 0.00357908, 0.00000000, 0.00000000, 0.00000000, 0.00000000, 0.00000000, 0.00000000, 0.00000000, 0.00000000, 0.00000000, 0.00000000, 0.00000000, 0.00000000, 0.00000000, 0.00000000, 0.00000000, 0.00000000, 0.00000000, 0.00000000, 0.00000000, 0.00000000, 0.00000000, 0.00000000, 0.00000000, 0.00000000, 0.00000000, 0.00000000, 0.00000000, 0.00000000, 0.00000000, 0.00000000, 0.00000000, 0.00000000, 0.00000000, 0.00000000, 0.00000000, 0.00000000, 0.00000000, 0.00000000, 0.00000000, 0.00000000, 0.00000000, 0.00000000, 0.00000000, 0.00000000, 0.00000000, 0.00000000, 0.00000000, 0.00000000, 0.00000000, 0.00000000, 0.00000000, 0.00000000, 0.00000000, 0.00000000, 0.00000000, 0.00000000, 0.00000000, 0.00000000, 0.00000000, 0.00000000, 0.00000000, 0.00000000, 0.00000000, 0.00000000, 0.00000000, 0.00000000, 0.00000000, 0.00000000, 0.00000000, 0.00000000, 0.00000000, 0.00000000, 0.00000000
-0.48998377,-0.04747742,-0.06381781, 0.09659591,-0.07034505, 0.03166996, 0.02397389,-0.01649662,-0.01119117,-0.00597598, 0.01293073,-0.02542723,-0.01129054, 0.01239673, 0.00163493, 0.00929543,-0.00283331,-0.00371818,-0.00028583,-0.00003957, 0.00652787,-0.00272026, 0.00390060,-0.00060628,-0.01330813,-0.00005949,-0.00364357, 0.00471531,-0.00209282,-0.00130969,-0.00408384,-0.00526432, 0.00139952, 0.00169190, 0.00257374, 0.00490714, 0.00492125,-0.00150589, 0.00007550, 0.00000000, 0.00000000, 0.00000000, 0.00000000, 0.00000000, 0.00000000, 0.00000000, 0.00000000, 0.00000000, 0.00000000, 0.00000000, 0.00000000, 0.00000000, 0.00000000, 0.00000000, 0.00000000, 0.00000000, 0.00000000, 0.00000000, 0.00000000, 0.00000000, 0.00000000, 0.00000000, 0.00000000, 0.00000000, 0.00000000, 0.00000000, 0.00000000, 0.00000000, 0.00000000, 0.00000000, 0.00000000, 0.00000000, 0.00000000, 0.00000000, 0.00000000, 0.00000000, 0.00000000, 0.00000000, 0.00000000, 0.00000000, 0.00000000, 0.00000000, 0.00000000, 0.00000000, 0.00000000, 0.00000000, 0.00000000, 0.00000000, 0.00000000, 0.00000000, 0.00000000, 0.00000000, 0.00000000, 0.00000000, 0.00000000, 0.00000000, 0.00000000, 0.00000000, 0.00000000, 0.00000000, 0.00000000, 0.00000000, 0.00000000, 0.00000000, 0.00000000, 0.00000000, 0.00000000, 0.00000000, 0.00000000, 0.00000000, 0.00000000, 0.00000000
-0.30749286, 0.06144199,-0.05470355, 0.03540678,-0.00118375,-0.03682791,-0.04279559,-0.02962535,-0.00937096,-0.01501650,-0.01403934,-0.01122052, 0.00158157,-0.00059104,-0.01040634, 0.00770817, 0.00398036,-0.00564266,-0.00447783,-0.00636732, 0.01222880,-0.00788757,-0.00440303, 0.00005978,-0.00058204,-0.00359903,-0.00155842,-0.00551698, 0.00442979,-0.00499821,-0.00101325, 0.00010448,-0.00062515,-0.00422261,-0.00304517,-0.00471734,-0.00075625, 0.00678220, 0.00399382, 0.00000000, 0.00000000, 0.00000000, 0.00000000, 0.00000000, 0.00000000, 0.00000000, 0.00000000, 0.00000000, 0.00000000, 0.00000000, 0.00000000, 0.00000000, 0.00000000, 0.00000000, 0.00000000, 0.00000000, 0.00000000, 0.00000000, 0.00000000, 0.00000000, 0.00000000, 0.00000000, 0.00000000, 0.00000000, 0.00000000, 0.00000000, 0.00000000, 0.00000000, 0.00000000, 0.00000000, 0.00000000, 0.00000000, 0.00000000, 0.00000000, 0.00000000, 0.00000000, 0.00000000, 0.00000000, 0.00000000, 0.00000000, 0.00000000, 0.00000000, 0.00000000, 0.00000000, 0.00000000, 0.00000000, 0.00000000, 0.00000000, 0.00000000, 0.00000000, 0.00000000, 0.00000000, 0.00000000, 0.00000000, 0.00000000, 0.00000000, 0.00000000, 0.00000000, 0.00000000, 0.00000000, 0.00000000, 0.00000000, 0.00000000, 0.00000000, 0.00000000, 0.00000000, 0.00000000, 0.00000000, 0.00000000, 0.00000000, 0.00000000, 0.00000000
-0.00163602, 0.16012436, 0.08868981, 0.00566264,-0.00428898,-0.06441147,-0.05451665,-0.02168803, 0.00137411,-0.01796656,-0.02493119,-0.01460790,-0.00903691, 0.01235325,-0.00452174, 0.00034422, 0.00156121,-0.00806363,-0.01358166,-0.00273469,-0.00362975,-0.00144560,-0.00015971, 0.00473470, 0.00411838,-0.00462571, 0.00474370,-0.00554588,-0.00227594, 0.00912068, 0.00627109, 0.00027882,-0.00395746, 0.00356920,-0.00170939, 0.00334722, 0.00245250,-0.00358353,-0.00140504, 0.00000000, 0.00000000, 0.00000000, 0.00000000, 0.00000000, 0.00000000, 0.00000000, 0.00000000, 0.00000000, 0.00000000, 0.00000000, 0.00000000, 0.00000000, 0.00000000, 0.00000000, 0.00000000, 0.00000000, 0.00000000, 0.00000000, 0.00000000, 0.00000000, 0.00000000, 0.00000000, 0.00000000, 0.00000000, 0.00000000, 0.00000000, 0.00000000, 0.00000000, 0.00000000, 0.00000000, 0.00000000, 0.00000000, 0.00000000, 0.00000000, 0.00000000, 0.00000000, 0.00000000, 0.00000000, 0.00000000, 0.00000000, 0.00000000, 0.00000000, 0.00000000, 0.00000000, 0.00000000, 0.00000000, 0.00000000, 0.00000000, 0.00000000, 0.00000000, 0.00000000, 0.00000000, 0.00000000, 0.00000000, 0.00000000, 0.00000000, 0.00000000, 0.00000000, 0.00000000, 0.00000000, 0.00000000, 0.00000000, 0.00000000, 0.00000000, 0.00000000, 0.00000000, 0.00000000, 0.00000000, 0.00000000, 0.00000000, 0.00000000, 0.00000000
 0.25334376, 0.16895607, 0.13425932, 0.01732122,-0.07721273,-0.04854987,-0.00233030,-0.02835008,-0.01395603,-0.02005723,-0.00177704, 0.01006886, 0.00372732,-0.00833843,-0.00962747,-0.00626642,-0.00935222,-0.01034128, 0.01320358,-0.00773819, 0.00409948,-0.00509174,-0.00144475,-0.00809812,-0.00017956, 0.01349082,-0.00092238, 0.00116929,-0.00180978, 0.00236350, 0.00339879,-0.00447869, 0.00080726,-0.00139149, 0.00477071,-0.00105844,-0.00216808, 0.00019059,-0.00293371, 0.00000000, 0.00000000, 0.00000000, 0.00000000, 0.00000000, 0.00000000, 0.00000000, 0.00000000, 0.00000000, 0.00000000, 0.00000000, 0.00000000, 0.00000000, 0.00000000, 0.00000000, 0.00000000, 0.00000000, 0.00000000, 0.00000000, 0.00000000, 0.00000000, 0.00000000, 0.00000000, 0.00000000, 0.00000000, 0.00000000, 0.00000000, 0.00000000, 0.00000000, 0.00000000, 0.00000000, 0.00000000, 0.00000000, 0.00000000, 0.00000000, 0.00000000, 0.00000000, 0.00000000, 0.00000000, 0.00000000, 0.00000000, 0.00000000, 0.00000000, 0.00000000, 0.00000000, 0.00000000, 0.00000000, 0.00000000, 0.00000000, 0.00000000, 0.00000000, 0.00000000, 0.00000000, 0.00000000, 0.00000000, 0.00000000, 0.00000000, 0.00000000, 0.00000000, 0.00000000, 0.00000000, 0.00000000, 0.00000000, 0.00000000, 0.00000000, 0.00000000, 0.00000000, 0.00000000, 0.00000000, 0.00000000, 0.00000000, 0.00000000, 0.00000000
 0.45024078, 0.06865127, 0.07471692, 0.06337934,-0.06361160,-0.05496007,-0.01830281,-0.01312626,-0.01639798,-0.01760984, 0.01008112, 0.00415281,-0.01200391, 0.00466064, 0.03048340,-0.00005399,-0.00836775, 0.00858629, 0.00083682,-0.00301674,-0.00107912, 0.01173596,-0.00338866,-0.00415014,-0.00711321,-0.00395403,-0.00137064,-0.00190651, 0.00348714, 0.00138345,-0.00053100, 0.00871631, 0.00384918,-0.00110623,-0.00021426, 0.00034712,-0.00183736,-0.00027530, 0.00280469, 0.00000000, 0.00000000, 0.00000000, 0.00000000, 0.00000000, 0.00000000, 0.00000000, 0.00000000, 0.00000000, 0.00000000, 0.00000000, 0.00000000, 0.00000000, 0.00000000, 0.00000000, 0.00000000, 0.00000000, 0.00000000, 0.00000000, 0.00000000, 0.00000000, 0.00000000, 0.00000000, 0.00000000, 0.00000000, 0.00000000, 0.00000000, 0.00000000, 0.00000000, 0.00000000, 0.00000000, 0.00000000, 0.00000000, 0.00000000, 0.00000000, 0.00000000, 0.00000000, 0.00000000, 0.00000000, 0.00000000, 0.00000000, 0.00000000, 0.00000000, 0.00000000, 0.00000000, 0.00000000, 0.00000000, 0.00000000, 0.00000000, 0.00000000, 0.00000000, 0.00000000, 0.00000000, 0.00000000, 0.00000000, 0.00000000, 0.00000000, 0.00000000, 0.00000000, 0.00000000, 0.00000000, 0.00000000, 0.00000000, 0.00000000, 0.00000000, 0.00000000, 0.00000000, 0.00000000, 0.00000000, 0.00000000, 0.00000000, 0.00000000, 0.00000000
 0.62252026,-0.03661794,-0.01124857, 0.11722301,-0.09312840,-0.01898544,-0.01800569,-0.02528164,-0.01067799, 0.00532256, 0.00850543, 0.00495449, 0.02207370, 0.00650086, 0.00246175,-0.00214918, 0.01071424, 0.01904654,-0.00170622, 0.01148056,-0.00189316,-0.00968559, 0.00344743, 0.00387057, 0.00870028,-0.00018798, 0.00004653,-0.00147367,-0.00062884,-0.00241968,-0.00283668,-0.00389435,-0.00032118, 0.00015183,-0.00125098,-0.00073025, 0.00258731, 0.00008600,-0.00155807, 0.00000000, 0.00000000, 0.00000000, 0.00000000, 0.00000000, 0.00000000, 0.00000000, 0.00000000, 0.00000000, 0.00000000, 0.00000000, 0.00000000, 0.00000000, 0.00000000, 0.00000000, 0.00000000, 0.00000000, 0.00000000, 0.00000000, 0.00000000, 0.00000000, 0.00000000, 0.00000000, 0.00000000, 0.00000000, 0.00000000, 0.00000000, 0.00000000, 0.00000000, 0.00000000, 0.00000000, 0.00000000, 0.00000000, 0.00000000, 0.00000000, 0.00000000, 0.00000000, 0.00000000, 0.00000000, 0.00000000, 0.00000000, 0.00000000, 0.00000000, 0.00000000, 0.00000000, 0.00000000, 0.00000000, 0.00000000, 0.00000000, 0.00000000, 0.00000000, 0.00000000, 0.00000000, 0.00000000, 0.00000000, 0.00000000, 0.00000000, 0.00000000, 0.00000000, 0.00000000, 0.00000000, 0.00000000, 0.00000000, 0.00000000, 0.00000000, 0.00000000, 0.00000000, 0.00000000, 0.00000000, 0.00000000, 0.00000000, 0.00000000, 0.00000000
-0.04554008, 0.12584583,-0.28570062,-0.04778195,-0.00668320,-0.07212495,-0.03742518,-0.01205864, 0.01563254, 0.00370558,-0.00644250, 0.01946928,-0.01724107, 0.01688812, 0.00242122, 0.00261206, 0.00822640, 0.00145259, 0.00581660,-0.00902943,-0.01023397,-0.00150374, 0.00229605,-0.00300954,-0.00336414,-0.00167878, 0.00340821, 0.00586302,-0.00563719,-0.00671589,-0.00241801,-0.00135799, 0.00084836,-0.00057409,-0.00302894,-0.00084498,-0.00265616,-0.00093041,-0.00313893, 0.00000000, 0.00000000, 0.00000000, 0.00000000, 0.00000000, 0.00000000, 0.00000000, 0.00000000, 0.00000000, 0.00000000, 0.00000000, 0.00000000, 0.00000000, 0.00000000, 0.00000000, 0.00000000, 0.00000000, 0.00000000, 0.00000000, 0.00000000, 0.00000000, 0.00000000, 0.00000000, 0.00000000, 0.00000000, 0.00000000, 0.00000000, 0.00000000, 0.00000000, 0.00000000, 0.00000000, 0.00000000, 0.00000000, 0.00000000, 0.00000000, 0.00000000, 0.00000000, 0.00000000, 0.00000000, 0.00000000, 0.00000000, 0.00000000, 0.00000000, 0.00000000, 0.00000000, 0.00000000, 0.00000000, 0.00000000, 0.00000000, 0.00000000, 0.00000000, 0.00000000, 0.00000000, 0.00000000, 0.00000000, 0.00000000, 0.00000000, 0.00000000, 0.00000000, 0.00000000, 0.00000000, 0.00000000, 0.00000000, 0.00000000, 0.00000000, 0.00000000, 0.00000000, 0.00000000, 0.00000000, 0.00000000, 0.00000000, 0.00000000, 0.00000000
 0.12019546, 0.46578870,-0.08971908, 0.03846173,-0.08403192, 0.05096010,-0.01979887, 0.04053792, 0.02105462, 0.03484265,-0.00264884, 0.01894493,-0.01782242,-0.01779442,-0.00519967,-0.00483030,-0.00558306,-0.00773217,-0.00044876, 0.01027178, 0.00648983, 0.00458427, 0.00419666, 0.00027321, 0.00136858,-0.00442623, 0.00168778,-0.00020870, 0.00274879,-0.00097176, 0.00068981, 0.00004156,-0.00142243, 0.00175953, 0.00117025,-0.00041593, 0.00276026, 0.00158535, 0.00033272, 0.00000000, 0.00000000, 0.00000000, 0.00000000, 0.00000000, 0.00000000, 0.00000000, 0.00000000, 0.00000000, 0.00000000, 0.00000000, 0.00000000, 0.00000000, 0.00000000, 0.00000000, 0.00000000, 0.00000000, 0.00000000, 0.00000000, 0.00000000, 0.00000000, 0.00000000, 0.00000000, 0.00000000, 0.00000000, 0.00000000, 0.00000000, 0.00000000, 0.00000000, 0.00000000, 0.00000000, 0.00000000, 0.00000000, 0.00000000, 0.00000000, 0.00000000, 0.00000000, 0.00000000, 0.00000000, 0.00000000, 0.00000000, 0.00000000, 0.00000000, 0.00000000, 0.00000000, 0.00000000, 0.00000000, 0.00000000, 0.00000000, 0.00000000, 0.00000000, 0.00000000, 0.00000000, 0.00000000, 0.00000000, 0.00000000, 0.00000000, 0.00000000, 0.00000000, 0.00000000, 0.00000000, 0.00000000, 0.00000000, 0.00000000, 0.00000000, 0.00000000, 0.00000000, 0.00000000, 0.00000000, 0.00000000, 0.00000000, 0.00000000, 0.00000000
-0.39154300,-0.02601544,-0.09091412,-0.00260324,-0.07532871,-0.00659122, 0.01513401, 0.00726480, 0.00890672,-0.03423940, 0.01560208,-0.00833454,-0.00870605, 0.00366156,-0.02688964,-0.00077299,-0.01360457, 0.00814074,-0.00750512, 0.00394786,-0.00347850, 0.00675841,-0.00172649, 0.00531650, 0.01371845, 0.00293086,-0.00591053, 0.00305133,-0.00007933,-0.00240901,-0.00122191, 0.00625484, 0.00179666,-0.00140323, 0.00057617, 0.00040621,-0.00228681,-0.00094795,-0.00078752, 0.00000000, 0.00000000, 0.00000000, 0.00000000, 0.00000000, 0.00000000, 0.00000000, 0.00000000, 0.00000000, 0.00000000, 0.00000000, 0.00000000, 0.00000000, 0.00000000, 0.00000000, 0.00000000, 0.00000000, 0.00000000, 0.00000000, 0.00000000, 0.00000000, 0.00000000, 0.00000000, 0.00000000, 0.00000000, 0.00000000, 0.00000000, 0.00000000, 0.00000000, 0.00000000, 0.00000000, 0.00000000, 0.00000000, 0.00000000, 0.00000000, 0.00000000, 0.00000000, 0.00000000, 0.00000000, 0.00000000, 0.00000000, 0.00000000, 0.00000000, 0.00000000, 0.00000000, 0.00000000, 0.00000000, 0.00000000, 0.00000000, 0.00000000, 0.00000000, 0.00000000, 0.00000000, 0.00000000, 0.00000000, 0.00000000, 0.00000000, 0.00000000, 0.00000000, 0.00000000, 0.00000000, 0.00000000, 0.00000000, 0.00000000, 0.00000000, 0.00000000, 0.00000000, 0.00000000, 0.00000000, 0.00000000, 0.00000000, 0.00000000, 0.00000000
-0.42147136,-0.42735151, 0.12631190, 0.01218788,-0.12903727,-0.01624691,-0.04869663, 0.02610068,-0.01463816, 0.01832860,-0.01040595, 0.02438690,-0.00307863,-0.02483447,-0.00661531, 0.00726213, 0.00904761,-0.00133189, 0.00003654,-0.00213952,-0.00479990,-0.00123301,-0.00349005, 0.00242877,-0.00320250, 0.00209972, 0.00352256, 0.00350598,-0.00080474, 0.00160120,-0.00052084, 0.00198418,-0.00076220, 0.00177484,-0.00180413, 0.00115696,-0.00109977,-0.00096897, 0.00212343, 0.00000000, 0.00000000, 0.00000000, 0.00000000, 0.00000000, 0.00000000, 0.00000000, 0.00000000, 0.00000000, 0.00000000, 0.00000000, 0.00000000, 0.00000000, 0.00000000, 0.00000000, 0.00000000, 0.00000000, 0.00000000, 0.00000000, 0.00000000, 0.00000000, 0.00000000, 0.00000000, 0.00000000, 0.00000000, 0.00000000, 0.00000000, 0.00000000, 0.00000000, 0.00000000, 0.00000000, 0.00000000, 0.00000000, 0.00000000, 0.00000000, 0.00000000, 0.00000000, 0.00000000, 0.00000000, 0.00000000, 0.00000000, 0.00000000, 0.00000000, 0.00000000, 0.00000000, 0.00000000, 0.00000000, 0.00000000, 0.00000000, 0.00000000, 0.00000000, 0.00000000, 0.00000000, 0.00000000, 0.00000000, 0.00000000, 0.00000000, 0.00000000, 0.00000000, 0.00000000, 0.00000000, 0.00000000, 0.00000000, 0.00000000, 0.00000000, 0.00000000, 0.00000000, 0.00000000, 0.00000000, 0.00000000, 0.00000000, 0.00000000, 0.00000000
